時間,台灣事件,台灣檢驗標準,全球事件,重點事件
2019年12月01日 週日,,,事後的流行病學調查指，最早的已知個案症狀,
2019年12月02日 週一,,,,
2019年12月03日 週二,,,,
2019年12月04日 週三,,,,
2019年12月05日 週四,,,,
2019年12月06日 週五,,,,
2019年12月07日 週六,,,,
2019年12月08日 週日,,,,
2019年12月09日 週一,,,,
2019年12月10日 週二,,,,
2019年12月11日 週三,,,,
2019年12月12日 週四,,,武漢市優撫醫院接診一名69歲的武漢市華南海鮮市場男性商戶,
2019年12月13日 週五,,,,
2019年12月14日 週六,,,,
2019年12月15日 週日,,,,
2019年12月16日 週一,,,採集最早樣本,
2019年12月17日 週二,,,,
2019年12月18日 週三,,,,
2019年12月19日 週四,,,,
2019年12月20日 週五,,,,
2019年12月21日 週六,,,,
2019年12月22日 週日,,,,
2019年12月23日 週一,,,,
2019年12月24日 週二,,,將肺泡灌洗液樣本送到第三方檢測機構廣州微遠基因公司進行基於二代高通量測序技術（NGS）檢測，從而找出確實的病原體,
2019年12月25日 週三,,,,
2019年12月26日 週四,,,"mNGS病原微生物自動解讀結果中發現SARS冠狀病毒，相似度大約94.5%
呼吸與重症醫學科醫生張繼先首次發現並上報此不明原因肺炎，並懷疑該病屬傳染病",
2019年12月27日 週五,,,"廣州微遠基因公司組裝出接近完整的病毒基因組序列，並將資料共享給中國醫學科學院病原生物學研究所
武漢市中心醫院將一份樣本送往北京博奧醫學檢驗所",
2019年12月28日 週六,,,,
2019年12月29日 週日,,,,
2019年12月30日 週一,,,"武漢市衛生健康委員會－市衛生健康委關於報送不明原因肺炎救治情況的緊急通知
檢驗所把檢驗報告(12/27)發回醫院，報告中將「SARS coronavirus」（SARS冠狀病毒）列為「高置信度」陽性指標的結果之一
李文亮、劉文、謝琳卡等醫生在內部微信群中披露此次疫情相關的訊息",
2019年12月31日 週二,"PTT爆卦文 #1U2a3N5t (Gossiping) 
https://www.ptt.cc/bbs/Gossiping/M.1577730263.A.177.html 
衛福部疾管署向世界衛生組織國際健康法規(IHR)窗口及中國疾控中心確認疫情資訊
疾管署宣布武漢入境者登機檢疫
台灣向世界衛生組織提出以下電子郵件(04/11更):
News resource today indicate that at least seven atypical pneumonia cases
were reported in Wuhan, CHINA. Their health authorities replied to the media
that the cases were believed not SARS; however the sample are still under
examination, and cases have been isolated for treatment.

I would greatly appreciate it if you have relevant information to share with
us.

Thank you very much in advance for your attention to this matter.

Best Regards.
已暗示有人傳人的跡象",,"武漢市疾控中心向傳媒證實檔案屬實，並發布情況通報
WHO 首次接獲通報 27起原因不明肺炎 7人病危
台灣行政院邀集衛福部、疾管署、內政部、移民署、陸委會等相關部門官員開會
台灣疾管署並宣布針對來自中國武漢直航入境的班機(每週12班)進行登機檢疫",
2020年01月01日 週三,,,武漢華南海鮮市場關閉 境內感染人數增加到40例,
2020年01月02日 週四,"疾管署針對台灣直航武漢的三座國際機場，即桃園、松山、高雄的入境班機採取登機檢疫措施
航班飛抵台灣後，旅客未下機前，由檢疫人員登機評估健康，如有發燒、咳嗽、呼吸急促等症狀立即由檢疫人員協助就醫",嚴重肺炎&10日內武漢旅史,,
2020年01月03日 週五,,,中國通報44件懷疑個案,
2020年01月04日 週六,,,,
2020年01月05日 週日,疾管署召開「因應中國不明原因肺炎疫情專家諮詢會議」,,"中國排除此次病毒為MERS和SARS或禽流感的可能性
復旦大學張永振團隊從武漢市樣本中檢測出一種新型SARS樣冠狀病毒，獲得病毒全基因組序列",
2020年01月06日 週一,,,中國疾控中心內部啟動二級應急回應,
2020年01月07日 週二,疾管署將武漢市的兩岸旅遊疫情建議列為第一級，同時對國際航線及小三通提升警戒,,"中共中央總書記習近平主持召開中共中央政治局常委會，對疫情防控工作提出了要求
WHO 宣布發現新病毒
這個病毒來自成員包含SARS和一般感冒的冠狀病毒家族
世衛將其正式命名為2019新型冠狀病毒(Novel coronavirus, 2019-nCoV)",WHO發現新病毒2019-nCOV(新冠肺炎)武漢肺炎
2020年01月08日 週三,,,,
2020年01月09日 週四,,,「武漢病毒性肺炎病原檢測結果初步評估專家組」正式宣布此病病原體為新型冠狀病毒,
2020年01月10日 週五,,,上海復旦大學、中國疾病預防控制中心等中國研究機構公布新型冠狀病毒的基因序列,公布基因序列
2020年01月11日 週六,,,"中國宣布首起武漢肺炎死亡病例(確診41個案例 1死亡)
中國醫學科學院把資料(12/27病毒基因組序列)提交到全球共享流感數據倡議組織網站，是該資料庫中採集日期最早的樣本",中國首起死亡
2020年01月12日 週日,"疾管署派出2名專家抵達中國武漢查訪，實地交流並瞭解了防治的相關資訊，三日後返回
疾管署公告將「嚴重特殊傳染性肺炎」列入第五類法定傳染病",,,
2020年01月13日 週一,,,世衛通報泰國出現武漢肺炎病例，是中國境外地區首例,泰國首例
2020年01月14日 週二,,,,
2020年01月15日 週三,衛授疾字第 1090100030 號公告，新增「嚴重特殊傳染性肺炎」為第五類法定傳染病。,,"中國疾控中心轉為一級應急回應
中國第二例死亡
中華民國衛生福利部疾病管制署衛授疾字第1090100030號公告，新增「嚴重特殊傳染性肺炎」為第五類法定傳染病",
2020年01月16日 週四,疾管署宣布提升中國大陸湖北省武漢市的旅遊疫情建議至第二級警示,"1.((發燒&呼吸道症狀)or肺炎)&14日內武漢旅史
2.((發燒&呼吸道症狀)or肺炎)&接觸極可能病例/確定病例",日本厚生勞動省通報確診1名武漢肺炎病患,日本首例
2020年01月17日 週五,,,"武漢通報出現第二名死亡病例
美國衛生當局宣布國內三大機場針對來自武漢的旅客啟動篩檢機制
亞洲各國機場也紛紛針對來自中國病毒高風險地區的旅客實施強制篩檢。",
2020年01月18日 週六,,,,
2020年01月19日 週日,,,"武漢市衛健委聲明已確診個案的密切接觸者中仍沒有發現確診個案，即未發現人傳人的證據
武漢市百步亭社區舉行「第20屆萬家宴」，有4萬多個家庭參加，引起熱議",韓國首例
2020年01月20日 週一,疾管署宣布成立「嚴重特殊傳染性肺炎中央流行疫情指揮中心」，由周志浩署長擔任指揮官。,,"中國通報第三起死亡病例，超過200人感染，湖北省以外地區也紛紛傳出確診病例，包括北京、上海和深圳
中國工程院院士鍾南山首次公開肯定存在人傳人，已有醫務人員感染，並呼籲民眾戴口罩及避免前往武漢
時任武漢市長周先旺及中國國家衛健委亦先後呼籲民眾停止進出武漢
中國國家衛生健康委發布公告，新型冠狀病毒感染的肺炎納入法定乙類傳染病，按甲類管理
南韓宣布確診首例武漢肺炎","中國列入乙級傳染病
中國肯定病毒可以人傳人
南韓境外首例"
2020年01月21日 週二,"台灣首例(#1)
疾管署提升湖北省武漢市旅遊疫情建議至第三級警告，提醒如非必要應避免前往當地
大陸委員會也依指揮中心決定，同步調升武漢的旅遊警示燈為「橙色」",肺炎&中國旅史,"中國武漢市衛生健康委員會當日凌晨通報，新型冠狀病毒肺炎感染者新增1死，並首度通報有15名醫護人員被感染
美國衛生當局宣布美國本土出現感染首例
確診的患者是1名30多歲的男子，在1月15日從武漢返回華盛頓州西雅圖，隨後前往華盛頓州的一家醫院就診","美國首例
台灣首例"
2020年01月22日 週三,"交通部觀光局停止旅行業出團至湖北旅遊，也停止接湖北的旅遊團
蔡英文總統召開國安高層會議，聽取政府相關部門最新防疫工作簡報，並就疫情資訊掌握、國際共同防疫、錯假訊息因應以及政府後續因應作為等，做出相關裁示",,中國武漢肺炎死亡病例增為17人，逾550人感染。歐洲許多機場加強針對來自武漢班機的檢查,"澳門首例
歐洲加強檢查武漢班機"
2020年01月23日 週四,"中央流行疫情指揮中心宣布將中心由三級提升至二級，由衛生福利部陳時中部長擔任指揮官
原本只針對武漢人士的邊境檢疫擴大到所有中國大陸、包括香港及澳門的所有入境者，並拒絕居住於湖北省武漢市的居民登機入境，入境旅客必須詳實填寫行蹤記錄與健康狀況聲明書",,"武漢市開始實施《傳染病防治法》第四十二條規定的「甲類傳染病封鎖疫區」措施
武漢市疫情防控指揮部於1月23日凌晨發布公告宣布封城
湖北省黃岡、鄂州、仙桃、赤壁等城市也相繼宣布封城。當天湖北省已有13個城市封城，聯外道路遭到封鎖。
香港、新加坡與越南也傳出確診病例
世衛組織表示，武漢肺炎疫情尚未構成全球緊急情況，目前「還沒有證據」顯示病毒在中國境外地區有人際傳染現象。
世衛組織緊急委員會議經過兩天的激烈辯論，決定暫時不宣告逐漸升高的武漢肺炎疫情為「國際關注公共衛生緊急事件」。","武漢封城
香港首例
新加坡首例
越南首例
WHO:還沒有證據人傳人，不升高為國際關注公共衛生緊急事件"
2020年01月24日 週五,"#2 #3
中央流行疫情中心宣布，為確保當地的口罩供應充足，管制N95口罩及外科口罩出口一個月",,"美國官員確認第二起武漢肺炎感染病例，這2名確診病例都是在美國機場啟動篩檢機制前，從中國飛抵美國
尼泊爾出現確診病例，是人口稠密的南亞地區首例
法國在深夜宣布3例確診，為歐洲地區首例
湖北省境內遭封閉城市增為13座，影響4,100萬人
上海迪士尼樂園和部分城市的遊樂場所也宣布關閉
北京宣布關閉長城部分區段和故宮等著名景點","尼泊爾首例
上海迪士尼等遊樂場所關閉
長城部分區段和故宮等景點關閉"
2020年01月25日 週六,"移民署提高陸客入境限制，入臺證記載為觀光、健檢醫美及專業交流者均不准入台，來台就學的陸生及配偶不受其限制
高雄市長韓國瑜在主持第二級流行疫情指揮中心會議時宣布指揮中心提升一級開設，讓高雄成為台灣第一個針對武漢肺炎防治一級開設的城市
屏東縣疫情指揮中心等級也提升至第二級",((發燒&呼吸道症狀)or肺炎)&湖北旅史,"澳洲維多利亞省傳出首例確診，患者為50多歲的中國籍男性，曾到過武漢，1月19日搭機從廣州抵達澳洲
馬來西亞同日通報3起確診病例，全都是來自武漢的旅客，與新加坡1名確診病例有家屬關係
根據外電，中國政府將湖北省境內封城的城市增為18座，影響5,600萬人
新加坡累積確診4人
加拿大首例確診","澳洲首例
馬來西亞首例
加拿大首例
法國首例"
2020年01月26日 週日,"#4
在境內旅遊的武漢團全數離境",,"WHO 在中國對全球構成的疫情風險由「中等」修正為「高風險」
中國國務院總理李克強召開應對疫情工作領導小組會議指出採取適當延長春節假期、調整學校開學時間等措施",
2020年01月27日 週一,"#5
中央流行疫情指揮中心宣布自零時起暫緩受理中國大陸人士的觀光簽證；
已發入台許可證者將推遲入境
湖北團全數離境",,,"柬埔寨首例
斯里蘭卡首例
得國首例
加拿大首例"
2020年01月28日 週二,"#6 #7 #8 首例本土、家戶感染(#8)
中央流行疫情指揮中心將全中國大陸納入第三級旅遊警示，隔日政府增強「電子監控」
發給居家隔離、檢疫者約2000人每人一支定位手機，每天必須回報
1月28日起連3天將在7-11、全家、萊爾富、OK超商等四大超商，每天供應6百萬片戰備口罩銷售，不過每人限購3片。每片口罩定價為新台幣8元",,,
2020年01月29日 週三,衛福部於1月29日到30日陸續供應470萬片口罩，供醫療院所內部或周圍之藥妝醫材通路（康是美、屈臣氏、維康、杏一、躍獅、健康人生）販售。,,,"阿拉伯首例
芬蘭首例"
2020年01月30日 週四,"#9
行政院宣布全國口罩製造商相關口罩產線由政府全數徵用",https://www.cdc.gov.tw/File/Get/P49uYk5dwF1OOIi9x2JYxw,因應多國皆出現境外輸入以及回報社區感染現象開始出現，WHO正式宣布此次疫情為「國際關注的公共衛生緊急事件」,"WHO正式宣布此次疫情構成國際公共衛生緊急事件
菲律賓首例
印度首例
義大利首例"
2020年01月31日 週五,"#10
中國大陸觀光團應於1月31日前離境
中央流行疫情指揮中心表示已從康復的第10例病患分離出新冠狀病毒的病毒株，
繼中國、澳洲、日本後，全球第4個分離出武漢肺炎病毒的國家地區
中華民國經濟部動用第二預備金新台幣2億元採購口罩製造裝置與民間廠商簽約配合增產",累積檢驗人數916人 確診10人 陽性率約1.09%,,"俄羅斯首例
瑞典首例
西班牙首例
英國首例"
2020年02月01日 週六,"2020年2月起降為每片口罩6元
中央流行疫情指揮中心將中國大陸流行地區劃分為2級，
湖北省列為一級流行區、廣東省列為二級流行地區","1.(發燒or呼吸道症狀or肺炎)&湖北旅史
2.(發燒or呼吸道症狀or肺炎)&接觸來自湖北有症狀人士
3.(發燒or呼吸道症狀or肺炎)&接觸極可能病例/確定病例",一名80歲香港老翁確診感染，他曾於1月20日於日本橫濱港登上啟航的「鑽石公主號」，並於1月25日在香港啟德郵輪碼頭落岸,
2020年02月02日 週日,"拒絕廣東居民入境，近期有廣東旅遊史與透過小三通入境者，都須居家檢疫14天
中央流行疫情指揮中心將浙江省溫州市列為二級流行地區",(二級流行區(廣東)or小三通->居家檢疫)&有症狀,中國國家衛建委累計通報中國大陸確診17205例，死亡361例，死亡人數超越SARS事件中國大陸死亡總數,
2020年02月03日 週一,"拒絕溫州市民入境
教育部部長潘文忠表示，為了防止武漢肺炎疫情擴散，
大專院校統一延後到2月25日以後開學，陸生2月9日後維持暫緩來台
行政院院長蘇貞昌宣布口罩購買政策，2月4日起四大超商停止販售口罩，
並自2月6日起購買口罩採實名制，民眾需使用健保卡在全台六千多家健保特約藥局或衛生所購買，
每個人在7天內限購2片，一人可持兩張健保卡，一片降價為5元
首批撤僑專機有247人搭乘中國東方航空抵達台灣",浙江省溫州市列入二級流行地區 需居家檢疫,,
2020年02月04日 週二,"#11
外交部領事事務局宣布自2月7日起，凡過去14天曾入境中國大陸的非台籍人士，均禁止入境台灣
入境前14天曾停靠中港澳地區港口的郵輪，不得停靠臺灣港口",,(2/1老翁)香港郵輪停留在橫濱港大黑埠頭，船上人員進行個人艙房隔離14日，有相關症狀的人員才接受日本厚生勞動省檢疫,比利時首例
2020年02月05日 週三,中央流行疫情指揮中心指揮官陳時中宣布，因中國大陸疫情持續上升，中國大陸全境皆被列入二級以上流行區，居住中國大陸各省市的中國大陸籍人士均全面暫緩入境，返臺居民如有中國大陸、香港和澳門旅遊史，亦列入居家檢疫物件,浙江省列入二級流行地區 需居家檢疫,,
2020年02月06日 週四,"#12 #13 #14 #15 #16
口罩實名制上路
中央流行疫情指揮中心宣布即日起國際郵輪禁止停靠臺灣港口
台灣確診首例出院",全中國列入二級流行地區 需居家檢疫,,
2020年02月07日 週五,"陸委會宣布自2月10日起暫停小三通客船服務
交通部宣布自2月10日至4月30日，台灣往返中國大陸航線，除北京首都國際機場、上海浦東國際機場、上海虹橋國際機場、廈門高崎國際機場、成都雙流國際機場外，全面停飛
因應鑽石公主號郵輪已爆發群聚感染，中央流行疫情指揮中心透過災防告警系統針對臺灣北部發布防疫訊息，提醒1月31日曾去相關觀光景點的旅客，請自主健康管理至2月14日",,,
2020年02月08日 週六,"#17
中央流行疫情指揮中心將廣東省列為一級流行區
陸委會宣布自2月10日起，暫停兩岸海運客運直航
寶瓶星號上午11時抵基隆港後進行檢疫，船上旅客至晚間確認採檢均為陰性後，讓旅客回家自主居家隔離14天，並安排外籍人士由機場離開",,,
2020年02月09日 週日,#18,"1. 鑽石公主號可能接觸者&醫師經評估有需要=>採檢並居家檢疫
2. 醫師高度懷疑個案 可諮詢專家決定是否通報",,
2020年02月10日 週一,中央流行疫情指揮中心宣布自2月11日起，港澳地區人士除商務相關人士、擁有中華民國居留證港澳配偶與其未成年子女之外，皆暫緩入境,自中港澳轉機需居家檢疫,,
2020年02月11日 週二,"中央流行疫情指揮中心宣布針對疫情狀況調整為
港澳地區（三級 避免前往）、新加坡（二級 加強防護）、泰國（一級 注意防護）
外交部領事事務局因應菲律賓片面禁止中華民國公民入境措施，同步將菲律賓旅遊警示提升至紅色（不宜前往 儘速離境）
陸委會宣布疫情期間有條件開放大陸配偶非中華民國國籍子女來臺的措施，引發社會議論",,,
2020年02月12日 週三,"中央流行疫情指揮中心宣布因疾管署反對陸委會的措施，復原陸委會昨天宣布的措施
因新加坡境內感染陸續出現，指揮中心針對1月31日後
全國醫療院所通報流感併發重症且流感檢驗為陰性的個案，皆須進行武漢肺炎病毒之檢驗",自1/31起通報流感併發重症&流感檢驗陰性之個案需回溯檢測,湖北省將臨床診斷個案數由納入疑似個案數改為納入確診個案數進行公布,
2020年02月13日 週四,經濟部宣布禁止口罩出口與徵用口罩政策，時限由原先的2月23日延長至4月底，未來再視疫情情況調整,,,
2020年02月14日 週五,"中央流行疫情指揮中心將日本升為第一級（一級 一般措施），
次日起將中國大陸浙江省、河南省列為一級流行地區",,,埃及首例
2020年02月15日 週六,"首例死亡案件(#19死亡)
增加303家衛生所販賣實名制口罩，其他規定不變","1.(發燒or呼吸道症狀)&(新加坡or泰國旅史)
2.(發燒or呼吸道症狀or肺炎)&(一級流行地區旅史)
一級流行地區：湖北(2/1),廣東(2/8),浙江(2/15),河南(2/15)",,
2020年02月16日 週日,#19 #20,"1. (發燒or呼吸道症狀)&醫師高度懷疑&國外旅史/接觸史
2. (發燒or呼吸道症狀)&群聚現象
3. 肺炎&抗生素3日未好轉&無明確病因
4. 肺炎&(群聚事件個案or醫護人員)
訂定社區監測通報採檢",,
2020年02月17日 週一,"#21 #22
中央流行疫情中心宣布自2月20日起，12歲以下兒童7天內可購買4片兒童口罩，成人口罩維持7天內限購2片，其他規定不變",,,
2020年02月18日 週二,"首批撤僑班機的台商自2月3日至今日（兩個星期）隔離結束
另外鑒於鑽石公主號確診個案數逐日攀升，自即日起列為武漢肺炎感染區",,"韓國大邱新天地教會內發生大規模群聚性感染
第一名新天地教會教徒確診個案「第31號患者」出現",
2020年02月19日 週三,#23 #24,,,伊朗首例
2020年02月20日 週四,"中央流行疫情指揮中心將韓國的旅遊疫情警示升為第一級（一級 一般措施）
證實案19遭浙江台商傳染",,,
2020年02月21日 週五,"#25 #26
執行第二波撤僑，鑽石公主號上的中華民國籍20人搭乘包機從東京羽田機場離開日本，於晚間抵達桃園機場
陳時中部長表示將購買兒童口罩的年齡放寬到13歲，並自明日起實施
敦睦艦隊人員登艦",,,"黎巴嫩首例
以色列首例"
2020年02月22日 週六,中央流行疫情指揮中心將韓國及日本的旅遊疫情警示升為第二級,,,伊拉克首例
2020年02月23日 週日,"#27 #28
中央流行疫情指揮中心將伊朗及義大利的旅遊疫情警示升為第一級",,大韓民國總統文在寅在首爾辦公大樓主持召開新冠病毒疫情對策會議，決定將疫情預警上調至最高的級別,
2020年02月24日 週一,"#29 #30
鑽石公主號旅客已全部順利安置完成
血友病童將從成都返回，本日下午指派專業護理師飛抵成都做身體檢查，有狀況則與主治醫師聯繫，確保身體狀況適於飛行。防護著裝和座位距離皆按前例進行。
韓國旅遊警示昇為第三級（Warning），25號凌晨零時起，外籍人士自韓國入境者，全部居家檢疫14天。國人在25、26日返回者自主居家健康管理。
韓國公布的傳染病特別管理區昇為紅燈，其他區域昇為黃燈。
張上淳：專家會議決定，自疫情警示區一二級地區返國者，皆應自主健康管理14天。
",,,"阿富汗首例
科威特首例
巴林首例
阿曼首例"
2020年02月25日 週二,"#31
一、教育部說明開學日情況
額溫槍、酒精、口罩已配送到各地點使用。各縣市政府環保單位也已完成公共設施、空間清潔打掃消毒工作。目前無狀況。
二、口罩機制調整
02/27起，13歲以下取消單雙號限制，每人每次可代持三張兒童健保卡購買。
義大利升為二級警示。
有一名鑽石公主號患者昨晚跟今早都有發燒（未滿38），已送入醫院隔離觀察。
",,韓國政府決定將對大邱和慶尚北道地區採取最大程度的封鎖措施,"奧地利首例
克羅埃西亞首例
瑞士首例
阿爾及利亞首例
巴西首例"
2020年02月26日 週三,"#32
伊朗昇為二級（Alert）
醫護人員出入境管制問題
管制對象為醫院，前往三級旅遊警告地區原則禁止，例外經衛服部報准，一二級地區原則暫緩，例外由服務單位報准，回國後皆應照規定實施檢疫管理，管制範圍至六月底為止。以上管制包含轉機在內，期間為02/23-06/30，視情況延長或縮短。
新增感控規定
１　進出醫院人員分三類
病人：進入醫院前一律分流動線
訪客：依醫院規定時段分流，每個住院病人限制兩名，陪病者（含看護）只能有一名。進出病房採登記制，並應報告TOCC。
外包人員：包含所有機構委託外部承攬，並在機構內工作的非核心工作人員，需遵守管制規定及健康管理措施。工作時應配戴口罩。
２　應設置人員紓壓關懷機制
３　擴大設置專責病房，屬於指定對象病院應開始設置專責病房收治呼吸道疾病及武漢肺炎病患，照顧人員採固定制，避免跨部門流動。
社會大型活動:請宗教團體要因應指揮中心規定，準備延期備案
",,"WHO總幹事譚德塞在日內瓦表示，25日中國境外上報的新增個案首次超過中國境內
中國新冠疫情已現峰值「反曲點」，目前擔憂全球擴散","巴基斯坦首例
喬治亞首例
羅馬尼亞首例
北馬其頓首例
希臘首例
挪威首例"
2020年02月27日 週四,"指揮中心一級開設
兒童健保卡不受身分證字號尾數單雙號分流限制，每日都可購買，且最多一次可持三張兒童健保卡購買口罩
義大利升為三級警告（warning），自該國入境者需居家檢疫14天。
公布了案32在雙北2月16日至24日的活動軌跡，同時段出入者須自主健康管理14天
無新增案例，解除九例列管（含一例死亡）目前尚有23案列管。
醫事人員請假規定
協調會議後決議如下：
１　僅針對有旅遊疫情警告的九個國家／地區進行限制
２　原以醫院服務人員為主，排除診所；社工人員團體主動要求納入旅遊管制，本部分將進行修正，納入醫院服務的社工人員。
３　限制地區不變
４　實施時間不變，視情況調整
５　出境回國後需１４天居家檢疫或自主管理，不得從事醫療照護。
６　防疫期間，因防疫需要取消出國者，依法給予損失補償。補償不限於目前限制的九個國家／地區，不分公務或私人行程。
７　特休及婚假部分，因防疫需求而自願取消或配合延後者，得於疫情結束後遞延一年。
８　規範對象僅限於醫事與社工人員，暫不擴及全體醫院人員。
",,"日本內閣總理大臣（首相）安倍晉三召開的政府對策本部會議上，提出了要求全國的小學、初中、高中停課的要求，
同時政府已向各體育團體和文化團體下達通告，要求3月15日前停辦所有大型活動和公演","丹麥首例
愛沙尼亞首例
白俄羅斯首例
荷蘭首例
聖馬利諾首例
奈及利亞首例"
2020年02月28日 週五,"#33 #34
首起院內感染(#34)
>法務部假訊息宣導
>猝死女性採檢結果出爐，確認陰性。
>陪病人員管理問題
醫事司：各醫院已陸續公布新的陪病規定，重點在於人員掌握，進入病房一律需要登錄
　　　　TOCC、姓名、與病患關係等等。
目前已經在建置資訊系統，會和其他醫事系統和長照系統串接比對，可以抓出非合法的看護和跨院照護情形，以進行風險管控。
勞動部：我們對於移工會進行宣導來落實保護，目前有透過翻譯將宣導資料翻譯成英泰印
　　　　越四國語言，並且在各入境處所和地方政府，廣播、社群媒體等進行宣導。
　　　　有關非法移工部分，有和移民警政海巡等單位落實查緝，呼籲雇主不要非法雇用
　　　　。非法雇用就是造成疫情和移工的潛在風險。
　　　　希望合法雇主要落實移工的醫療保護，提供必要設備。
>出院標準改變
三陰才可以出院，以避免出現國外出院又復發的情形。
",,韓國1766例確診個案中高達80%與新天地教會有關,"亞塞拜然首例
立陶宛首例
摩納哥首例
冰島首例
墨西哥首例
紐西蘭首例"
2020年02月29日 週六,"#35 #36 #37 #38 #39
研判是案34引起的院內感染。該病房已照專家小組規定進行進一步追查，目前已知沒有跨病房工作情形，將匡列該病房所有可能的接觸者並進行採檢，病房內所有人員居家或集中隔離，同病室病人採檢後皆為陰性，目前病人已移入個人病房安置，不同病室也移入個人病房隔離。該單位所有病人皆已隔離，避免接觸。
原工作團隊已暫停工作，更換新團隊進入工作，以避免進一步影響。
日後加強院內院外區隔和院內分流，避免交互影響。
醫學中心將用於處理急重症，專責醫院必要時將清空負壓病房或樓層，準備接受輕症病患。呼籲民眾降低非必要的探病。
醫院不負責處理看護合法性問題，只關注院內人員是否有做好衛教和健康管理。
違反院區規則零容忍，已與警政署達成共識。
","1. (發燒or呼吸道症狀or肺炎)&流行地區旅史
2. (發燒or呼吸道症狀or肺炎)&接觸來自流行地區有症狀人士
3. (發燒or呼吸道症狀or肺炎)&接觸極可能病例/確定病例
4. 已排除可能病因+醫師高度懷疑+社區型肺炎(不需旅遊史)
流行地區(即第三級警告)：中國(含港澳)、韓國、義大利
累積檢驗人數10831人 確診39人 陽性率約0.37%",WHO總幹事譚德塞在日內瓦宣布，將疫情全球風險級別由此前的「高」上調至「非常高」,"卡達首例
盧森堡首例
愛爾蘭首例
厄瓜多首例"
2020年03月01日 週日,"#40
伊朗升為三級，主因在於死亡人數相對高。
日本相對而言較為平穩，但因為雙方往來密切，將加強台日邊境檢疫，有症狀就採檢。
要求領隊做好旅行團的自主健康管理，全程口罩，出入場所後手部清潔，注意自主衛生。
本日展開中央地方共同防疫
2/23宣布，地方政府應擔負起地方疫情責任，中央地方共同合作，地方成立關懷服務中心。
2/26提出後，本日已完成基本準備。有九個縣市另外成立無住所安置地點。我們鼓勵其他
縣市往這個方向努力。
服務專線已經全數成立。
要求公職人員避免參加人多、密集、不特定的場合。
醫院部分，合於人情人性的前提下，避免出入醫院，不要增加交叉感染風險。
六、醫學相關實習因應
教育部已經有提醒，實習場所若有感染之虞，要讓現場學生退避隔離，未入場的就先不要入場。
國考部分，實習資格部分會放寬認定。
防疫物資會優先確保學生安全。
",伊朗旅遊疫情提升至第三級警告,,
2020年03月02日 週一,"#41
以色列旅行團遭遣返
口罩產能:
感謝相關產業在假日配合趕工，上週平均產量為六百六十萬片，六十台新機陸續裝機調整中，本週預計八百二十萬，下週九百二十萬，每周持續增加中，感謝大家的努力協助。
口罩實名制:
供應量改為成人七天三片，兒童七天五片。其他規則不變。
未來考慮縮減成人口罩庫存量一千片，兒童庫存五百片以上的配送量。對於販賣量高的地區提高配送量和配賣點。
",,(2/4)船上人員已有705名確診，其中6人下船後死亡,
2020年03月03日 週二,"#42
#27結案
交通部規劃機場歸宅檢疫運輸計畫
本方案以排班計程車或租賃車點對點運輸為主，全案明天起宣導一週，3/11開始需居家檢疫的入境者若仍搭乘大眾運輸返家，將罰１０－１００萬罰鍰。
目前已安排好出境及候車搭乘動線，針對短程旅客（機場所在縣市），排班計程車服務。
跳表收費。
長途旅客部份，提供租賃小客車服務，以高鐵票價兩倍付費，未滿一千者以一千收費。旅客支付不足者，政府補助。
離島以國內運輸為主，搭乘指定車輛到轉運港口後再搭乘指定車輛返家。
",,,
2020年03月04日 週三,"#33(大阪)，#39(杜拜)沒有擴散，宣布結案。
有關入境泰國限制事情
台灣進入泰國沒有隔離檢疫問題，該公告是針對泰國人和受影響國家地區前往泰國旅客，會需要隔離的只有有接觸史和有症狀出現的旅客，如果未曾接觸，請戴口罩避免前往聚集地區。
訂定企業持續經營指引和集會指引
下午開會通過後會於明天發佈，但不會明確到幾個人幾個人這樣規範，是柔性而非剛性。集會要評估必要性、風險性、參與人員掌握度（ＴＯＣＣ）、場所通風擁擠度、應變計畫等等。
",,"疫情在義大利迅速擴散，義大利政府決定從即日起兩周內關閉全國各地所有學校，
並且關閉所有除藥店和超市之外的所有的其他商鋪",
2020年03月05日 週四,"#43 #44
澳洲媒體報導個案
國家表演藝術中心已經展開相關因應處置：
一、國家交響樂團近期活動演出全部取消
二、音樂廳相關空間即日起關閉消毒，後續期程由國表藝說明。
三、接觸者配合指揮中心處置。
四、演出前有召開記者會，記者會中有七人，後續有三人專訪。兩名外籍已離境，國內
　　記者資訊會由國表藝向指揮中心回報。

該音樂家來台演出入境時，入境聲明時有聲明咳嗽症狀，但檢疫時沒有出現症狀，沒有疫區旅遊史，判定可能是流感。但現在可以想定是境外移入。
檢驗量能
主動檢驗國外旅遊史和住院病人，住院病人只查出一例；國外旅遊史清單皆已排除。
目前還是針對特定風險篩檢，還有主動回溯檢查。
普篩的重點不是量能，而是確保檢查後能夠有效區分感染者和未感染者。台灣目前沒有必要如此處理。
公布大型集會指引、矯正機關（監獄）預防指引、企業經營指引、大眾交通運輸指引、社區管理維護指引

敦睦艦隊啟航",,,
2020年03月06日 週五,"#45
本日有三案解除隔離
目前共１５位解除隔離，１２出院
鑽石公主號明天檢疫期滿，檢驗狀況如下：
１９名檢疫中，昨晚進行第三次採檢，剛剛報告出爐，全數陰性，明天可按原訂規畫解除隔離返家自主管理。

某非確診人員發燒
返航後抗體檢測陰性
返航後核酸檢測陰性",,全球確診人數逾10萬,
2020年03月07日 週六,"ＴＷ可幫忙的具體案例
本周三接到帛琉總統府要求，協助當地美籍志工人員的疑似案例檢驗。通過視訊指導採檢方式，並將檢體送入昆陽檢驗，確認陰性。帛琉總統辦公室有發出感謝聲明。本案顯示美方對我方檢驗的信任，也呈現台灣的國際協力能力。
鑽石公主號檢疫結束
即日起法德西三國疫情旅遊警示升為二級。
歐洲中東日本目前密切觀察中。
",,,
2020年03月08日 週日,,,,
2020年03月09日 週一,,,"WHO認為新型冠狀肺炎疫情構成全球性大流行的威脅「非常真實」
日本安倍晉三宣布所有從中國與韓國入境的旅客將強制送至指定場所隔離檢疫14天，
不可乘坐公共運輸工具",
2020年03月10日 週二,"#46 #47
組織調整
  副指揮官陳宗彥(內政部次長)--邊境事宜
物資組組長王美花(經濟部次長)
新增兩名解除隔離
目前共17人解除隔離出院
口罩實名制2.0
3/12開始，使用健保卡/自然人或健保快易通APP上網預購。
3/19簡訊通知付款
3/26起憑身分證／駕照／健保卡等領貨
物流費7元，口罩3片15元，共22元
武漢包機
華航班機剛剛已起飛，派出四位醫師，九位護理人員，攜帶必要物資前往當地檢疫。
居家隔離者返家交通機制
機場返家方案從3/4起實施，目前實施情況良好。
明天開始居家檢疫通知書上會有交通方式的明確說明，如果違反通知書規定搭乘大眾運輸可罰10-100萬。如果通知書上的陳述登記與實際方式不符，一樣會有10-100萬的罰鍰。
返鄉方式如有變更，一樣可以跟返鄉車隊變更。檢疫車隊服務處也有提供用餐服務。
",,"義大利將封鎖隔離措施擴大至全國
總理孔蒂宣布限制整個義大利的人員移動，除非有緊急的健康或工作原因，
義大利人被告知不要離家",
2020年03月11日 週三,"#48
旅遊疫情提升
二級：冰島／瑞士／挪威／瑞典／比利時／丹麥／奧地利
二級：巴林／科威特
一級：希臘／捷克／葡萄牙／芬蘭／斯洛維尼亞／波蘭／匈牙利／盧森堡／馬爾他
　　　斯洛伐克／拉脫維亞／立陶宛／列支敦士登／英國／愛爾蘭
上述國家十四日自主管理，未來會增加管理強度。
武漢返台專機
華航和東航班機昨晚已於台灣落地，３６１人回台。
",,"WHO宣布此次疫情已構成「全球大流行」
美國總統川普發表全國電視講話，宣布自3月13日起的30天內，將暫停「從歐洲（除英國外）到美國的所有旅行」",
2020年03月12日 週四,"#49
本日新解隔離3人
目前共20人解除隔離
實名制預約
系統持續修訂中，14:00為止，約88K人次預約成功。本系統並不是先搶先贏。

艦隊抵達帛琉",,"中華人民共和國國家衛生健康委員會發言人米鋒表示，3月11日中國大陸新增確診個案15例（其中武漢8例、境外輸入6例），
武漢新增個案降至個位數",
2020年03月13日 週五,"#50
駐台使節會談簡報
針對目前的防疫政策和簽證事宜進行會談
口罩實名制2.0
目前累積47萬，健保app 36萬 Emask 10.4萬
本日到下午一點為止的累積量，app 23.4; E mask1.8萬
",,"WHO總幹事譚德塞在例行記者會上表示，目前123個國家和地區向世衛組織報告了13.2萬多例COVID-19個案，
死亡人數已超過5000人，這是一個令人悲傷的重巨量資料
歐洲現在已經成為大流行瘟疫的中心，報告的個案和死亡人數超過了除中國以外世界其他地區的總和",此前一周內，包括丹麥、波蘭、西班牙、拉脫維亞、捷克、匈牙利、阿根廷、厄瓜多、菲律賓和美國等多個國家宣布進入緊急狀態
2020年03月14日 週六,"#51 #52 #53
提高歐洲及杜拜旅遊警示至第三級
申根區：法國、德國、西班牙、葡萄牙、奧地利、荷蘭、比利時、盧森堡、丹麥、芬蘭、瑞典、斯洛伐克、斯洛維尼亞、波蘭、捷克、匈牙利、希臘、馬爾他、愛沙尼亞、拉脫維亞、立陶宛、冰島、挪威、瑞士及列支敦斯登
非申根：英國、愛爾蘭、杜拜提高為第三級。
邊境管制
台灣時間3月14日14時起，已登機者加強自主健康管理，尚未登機者列入居家檢疫14天。
3月17日凌晨起，外國旅客居家檢疫者無住所可至集中檢疫所付費居住。
美國疫情
華盛頓／紐約／加州因社區傳播嚴重，升為二級。
先前未特別公告的區域，全部列入一級。
口罩實名制
本日1300為止累積85K，APP76K，eMask 9K。
","若3/14 2pm尚未離開歐洲27國、杜拜(含轉機) 入境需居家檢疫
上述地區 3/17 提升至第三級警告","美國宣布將來自英國和愛爾蘭的訪客添加到禁止入境的名單
西班牙首相桑切斯宣布，為遏制新冠肺炎疫情，從即日起15天內，在西班牙全國範圍內實施「封城」措施，
除工作、購置食品藥物、就醫及其他必需和緊急情況外，所有民眾和私人車輛禁止外出
葡萄牙總理柯斯塔宣布，將關閉學校
比利時除了關閉學校外，從3月14日開始，僅有提供必要服務的商店將維持正常營業
波蘭總理莫拉維茨奇表示波蘭將關閉邊界10天，在鐵路和空中交通方面，波蘭政府僅允許國內線持續營運
3月14日下午丹麥也關閉了本國邊界",
2020年03月15日 週日,"#54 #55 #56 #57 #58 #59
埃及旅遊警示升為二級
指揮中心自即日起提升埃及旅遊疫情建議至第二級:警示(Alert)，提醒民眾至當地應採取
加強防護措施。
呼籲取消非必要旅行，
口罩實名制2.0
本日累積數量降低，會利用網路管道的似乎在前幾天已經登記完畢。
目前境外32、境內27，會加強杜拜入境管理。

艦隊離開帛琉",,立陶宛禁止所有外國人入境,
2020年03月16日 週一,"#60 #61 #62 #63 #64 #65 #66 #67
東歐、中東、中亞、北非等42國全部升到三級
這兩天會處理亞洲的情況
從今日起，已經宣布警示的區域硬是要去會有比較強硬的手段。明知故犯的話有三個措施：
１　不可以領取補償
２　加徵必要費用
３　公布姓名
第三級地區入國確診之外籍人士，應支付必要費用。費用明細與標準近日公布。
二、校內管制措施
自治權限內的措施予以尊重。這段時間的非必要旅遊就列入明知故犯，希望大家忍一忍。
三、口罩實名制2.0
目前有些重複訂購，總數低於80萬，看來是不用抽籤。
",3/17起東歐、中東、中亞及北非共42國與1地區升至第三級警告,"阿根廷宣布在未來15天時間內阿根廷邊界將關閉

德國關閉同法國、奧地利以及瑞士之間的邊境

捷克政府宣布全面禁止人員流動，挪威政府關閉所有出入境港口和機場

拉脫維耶和愛沙尼亞也採取了限制人員流動的措施

俄羅斯政府宣布，關閉該國與波蘭、挪威之間邊界，在這些邊境口岸禁止外國人入境

摩洛哥取消了與大約20個國家之間的民航和船運運輸，其中也包括德國",3月中旬，又有包括利比亞、薩爾瓦多、南非、塞爾維亞、斯洛伐克、黎巴嫩、巴拿馬、哈薩克在內的多個國家宣布進入緊急狀態
2020年03月17日 週二,"#68 #69 #70 #71 #72 #73 #74 #75 #76 #77
亞洲、東歐共20國及美國3州旅遊疫情升至第三級警告
03/19 0時起升級，檢疫措施從現在開始實施。記者會當下未登機者居家檢疫14天。
外籍人士自三級區域入境者取消免簽，特殊理由取得簽證才能入境，一樣要檢疫14天。
亞洲：日本、新加坡、北韓、泰國、馬來西亞、菲律賓、印尼、汶萊、越南、寮國、柬埔寨、緬甸、東帝汶、孟加拉、不丹、尼泊爾、斯里蘭卡、印度及馬爾地夫。(共19國)
東歐：摩爾多瓦。
美國：華盛頓州、紐約州及加利福尼亞州。(共3州)
三、移工相關政策
１　減少人員跨域流動
  　請雇主考慮期滿續聘或國內承接，延長工作年限，鼓勵暫時不要返國休假。
　　取消返國的損失由勞動部就安基金補償，堅持返國者不能再入境。
２　加強雇主防疫措施管理
　　機場集中講習改為線上講習，入境處發放口罩。啟動強制接機措施，雇主須
　　提供居家檢疫計畫書，落實管理措施。
",3/3-3/14自歐洲入境並有症狀者 將回溯採檢,,
2020年03月18日 週三,"#78~#100
一、因應境外移入案例
非本國籍人士一律限制入境，特殊情況專案處理。所有入境者一律居家檢疫14天。
除持居留證，外交公務，商務履約，或其他特別許可外，一律限制其入境。持以上證明入境者須配合檢疫政策。限制日期依照疫情進展調整，其宣布由中央流行疫情指揮中心公布之。
本措施由台北03/19凌晨零點起實施。當地時間03/18凌晨零點後起飛的班機適用。
二、回溯檢驗。
回溯了550人，100多採檢中，其他進行中。回溯期間為03/05-03/14從歐洲各地和杜拜埃及土耳其入境者。
呼籲所有03/05-03/14有歐洲旅遊史，經杜拜或義大利轉機者，請跟鄉鎮公所聯繫，納入檢疫管理，通報完成後實施檢疫。
旅遊史陳報不實者，依特別條例和傳染病防治法懲處之。
三、公布與ＡＩＴ的防疫聯合聲明
進一步強化台北諮商合作機制，在夥伴關係上分享最佳做法，包括快篩試劑疫苗和接觸者追蹤，還有專家會議等。
本聲明由外交部長和ＡＩＴ處長共同發佈。
美方為台灣保留30萬件防護衣原料，充實防疫物資。台灣在產能充足前提下，每周提供美方十萬枚口罩。
四、口罩供應
線上應該不用抽，線下有剩貨的先停止配發，會增加售完藥局的販售量。
與藥師公會討論如何減輕藥局包裝和負擔壓力。
依傳染病防治法授權，製作線上電子通報與追蹤系統。詳情另見新聞稿。
本系統為政府部門和HTC與LINE合作製作。

1922進線42090通",3/19起97國1地區(含美加紐澳)提升至第三級警告,"全球確診人數逾20萬

馬來西亞從18日起至31日實施行動管制令鎖國自保，禁止所有國人出國，也禁止所有外國人入境。同時，全國所有學校停課兩週；超級市場、菜市場、雜貨店及販賣日常用品的商店外，所有宗教場所及商業單位必須關閉。",
2020年03月19日 週四,"#101~#108
首起高中全校停課(#59,#103)
機場採檢數量：3/16 126, 3/17 227, 3/18 228, 3/19 103(中午為止)
本日一點為止大概入境五千人，桃機目前有四個採檢站，入境旅客有四個檢疫點。
開艙開始就進行電子申告，鼓勵民眾使用。中午前有69%使用電子申告。
協調國籍航空讓旅客在外站進行電子申請。
觀光局會協助海外旅行團一律電子申告入境。
防疫車隊增加國光客運疏運中南部旅客，到定點後由家人或防疫車隊或排班車輛登記運送紀錄。
呼籲歸國學生的家長準備檢疫場所，希望家長可以親自到機場接送，減輕車隊負擔。
採檢條件已放寬，有狀況就採檢。
醫牙部份的面試要跟衛生主管單位申請，會透過防疫專車或親人專車抵達特殊試場處理。
呼籲不要出門去玩，造成校園防疫的挑戰與威脅。
口罩2.0
本日開始繳錢，請記得三天內繳錢。
繳費後會在322統一更新繳費狀況。
",,,
2020年03月20日 週五,"#109~#135
#27死亡
二、邊境措施，疫情全面升級
明天凌晨零時起，機場配售口罩，七天三片成人五十元，周期算到下周四。
全球旅遊疫情升為三級
三、機場情形
檢疫時間縮短為40分鐘，昨天入境約6000人，人潮遞減中。
入境採檢169，高峰人次比昨天減少300多人。防疫專車部分有三成旅客運用，其他家人接送，量能會加速調動。
電子聲明７成，效果已經出現。
口罩會串接移民署和健保署系統，確保ＣＤ周期。會在免稅店前面拉顯眼的櫃台。
",3/21起全球旅遊疫情升至第三級警告,,全球旅遊疫情升為三級
2020年03月21日 週六,"#135~#153
除歐洲中亞外，03/08-03/18，美國東亞返國有就醫紀錄者召回檢疫採檢。
中央流行疫情指揮中心將全球的旅遊疫情警示升為第三級
國內5處機場免稅商店開始代售徵用之口罩給入境旅客，每份口罩價格新臺幣50元或美金2元，每人限購1份
旅客如為本國籍或有居留證者，其口罩採購紀錄將併入口罩實名制
因近期國內境外移入個案數攀升，將往回追溯3月8日至18日間，自美國、東亞國家入境後就醫者，即刻起居家檢疫，並進行COVID-19(武漢肺炎)病毒檢驗

某非確診人員發燒
返航後抗體檢測陽性
返航後核酸檢測陰性",,,
2020年03月22日 週日,"#154~#169
3/24-4/7 禁止轉機",,"《南華早報》報導，至2月底中國有約43000名無病症確診者被隔離，但這些確診人數並未計入官方的確診數字
全球確診人數逾30萬

越南政府為防控疫情擴散，22日起禁止所有外籍人士入境與國際航班降落",
2020年03月23日 週一,"#170~#195
上周六查到一個檢疫亂跑者，開罰百萬，強制安置檢疫。
M-police系統跟旅遊史有勾稽，不要心存僥倖。
即日起夜店門口有警察站岡，進入要刷證件，不要心存僥倖
不會因為疫情嚴峻大家的食量而增加。
強制休假兩星期、封城都不會發生，只要求社交距離和擁擠密閉空間戴口罩。

某非確診人員發燒
返航後抗體檢測陽性
返航後核酸檢測陰性",,"世衛組織總幹事譚德塞警告，新冠肺炎大流行呈加速傳播趨勢。
從第一例報告個案到第一個10萬例個案用了67天，但到第二個10萬例僅用了11天，第三個10萬例僅用了4天

中國共產黨中央應對新冠肺炎疫情工作領導小組召開會議指出，目前以武漢為主戰場的全國本土疫情傳播基本阻斷，全球疫情大流行形勢下要外防輸入內防反彈

沙烏地阿拉伯國王沙爾曼宣布，從今天(23號）起實施全國性實施21天宵禁，從晚上7點至凌晨6點。目前已關閉電影院、購物中心及餐廳，暫停航班及中止朝聖活動。

英國從3月23日開始施行禁足令，限制民眾待在家中，僅有擔任重要工作且無法在家工作者可以外出上班。民眾在外也不許有2人以上群體聚集。政府每3週進行檢討，判斷禁足令是否延長",
2020年03月24日 週二,#196~#216,,東奧延後一年舉辦,東京奧運延後一年舉辦
2020年03月25日 週三,"#217~#235
中央流行疫情指揮中心宣布，室內超過100人以上、室外超過500人以上的公眾集會活動建議停辦，以減低社區感染的風險
口罩實名制2.0進行第二輪線上預購
第2批武漢包機返台361人已於今日清晨解除隔離，其中140人由親友接送、221人搭乘交通部安排的遊覽車至定點後各自返家",(醫療or照護工作人員)&(發燒or呼吸道感染)&醫師懷疑,"全球確診人數逾40萬

印度從25日零時起全國封鎖21天，除醫療、餐飲及提供生活必須服務的人可繼續上班外，其餘的人居家上班，且各省間的交通中斷，地鐵和鐵路也停駛",
2020年03月26日 週四,"#236~#252

某非確診人員發燒(4/22確診 #426)
返航後抗體檢測陽性
返航後核酸檢測陰性，二採後陽性
",,"中華人民共和國外交部、國家移民管理局發布了《中華人民共和國外交部、國家移民管理局關於暫時停止持有效中國簽證、居留許可的外國人入境的公告》，
並且在2020年3月28日0時起，暫時停止外國人持目前有效來華簽證和居留許可入境

南非總統拉瑪佛沙（Cyril Ramaphosa）23日晚間宣布，將自3月26日午夜至4月16日午夜，全國封鎖3週。
封鎖期間所有人必須待在家裡，但不包括急難救助人員、醫院、藥房、警察、醫事人員、實驗室、銀行、約堡證券交易所、超市食品等。

泰國從3月26日凌晨到4月30日進入緊急狀態，陸海空的邊境口岸除了泰國人、各國外交官、國際貨運運輸業者及有泰國工作證的外國人之外，均禁止外國人入境",
2020年03月27日 週五,#253~#267,,全球確診人數逾50萬,
2020年03月28日 週六,#268~#283,,,
2020年03月29日 週日,"#284~#298
#108死亡
由中華航空定期班機CI504以「類包機」方式，從上海浦東機場接回滯留湖北的臺灣民眾，
共153人返臺，統一送至集中檢疫所進行14天隔離",,全球確診人數逾60萬,
2020年03月30日 週一,"#299~#306
累積5名死亡(新增#34, #170)
#59高中採檢74人全部陰性，30日恢復上課
中央流行疫情指揮中心今日宣布，自2020年4月9日起，口罩實名制購買規定，將改為兒童每14天10片，成人改為每14天9片，取消原先身分證號末碼單雙號分流限制，並放寬兒童、成人口罩類型限制，可依個人臉型購買
第二架自中國撤僑的「類包機」搭載214人抵臺，並統一送至集中檢疫所進行14天隔離",,全球確診人數逾70萬,
2020年03月31日 週二,"#307~#322
中央疫情指揮中心初步研議，建議在非特定人場所，室外的社交距離至少1公尺，室內至少1.5公尺，如果特殊狀況無法達到，要戴口罩或使用隔板。
現階段以軟性勸導，希望民眾自律，暫無強制規範",累積檢驗人數32709人 確診322人 陽性率約1.01%,全球確診人數逾80萬,
2020年04月01日 週三,"#323~#329
因國際武漢肺炎疫情持續嚴峻，且我國境外移入個案數持續增加，全面禁止旅客登機來台轉機的政策延長至4月30日，以減少人口跨境流動與降低疾病傳播風險
外交部宣布對美國、歐盟、歐洲國家及友邦捐贈1,000萬片口罩的國際人道援助
所有大眾運輸系統，包含高鐵、台鐵、航空、公路、郵局服務，全面量測使用者體溫，體溫合格者且必須戴口罩才能進站或搭車、進入服務區
指揮中心制定公布兩階段「社交距離注意事項」，在兼顧民眾合理權益，並顧及國內防疫安全等雙重前提下，降低社區感染風險，分階段鼓勵或強制保持社交距離
全面禁止旅客登機來台轉機的政策延長至4月30日

某非確診人員發燒
返航後抗體檢測陰性
返航後核酸檢測陰性
#397發病
","1.(嗅覺異常or味覺異常)&國外旅史
2.(嗅覺異常or味覺異常)&接觸來自流行地區有症狀人士
3.(嗅覺異常or味覺異常)&接觸極可能病例/確定病例
4.(嗅覺異常or味覺異常)&群聚現象
5. 醫師高度懷疑+社區型肺炎(不需排除可能病因、不需旅遊史)","世衛組織總幹事譚德賽在疫情媒體通報會上表示對感染迅速攀升和全球蔓延深感憂慮。
譚德賽表示， 在過去五周里，新增病例的數量呈近乎指數級增長趨勢，遍及幾乎每個國家、領土和地區。
過去一周，死亡人數增加了一倍多。在接下來的幾天裡，將達到100萬確診病例，5萬人死亡。 
雖然非洲、中美洲和南美洲報告的確診病例相對較少，但COVID-19可能會對這些地區產生嚴重的社會、經濟和政治後果

4月1日零時起，越南全國實行強制社區隔離15日、關閉柬寮二國邊境口岸",台灣宣布捐贈1000萬口罩及醫療物資給各國
2020年04月02日 週四,#330~#339,,"俄羅斯政府於決定將帶薪非工作周延至4月30日。
美國已有30個州被批准宣告進入「重大災難狀態」，多個州宣布「居家隔離令」。
義大利政府決定將此前採取的防控新冠疫情的所有限制措施延長至4月13日
全球確診人數逾90萬",
2020年04月03日 週五,"#340~#348
有疑似症狀之入境乘客，應依照指示搭乘防疫車輛前往集中檢疫所，靜待檢體檢驗結果，再做進一步的隔離或檢疫
搭乘大眾交通必須戴口罩，屢勸不聽者，可處新臺幣3000元以上、1萬5000元以下罰鍰","1.嗅覺異常or味覺異常個案
2.(發燒or呼吸道感染)&醫師認為有必要檢驗","全球確診人數逾100萬 死亡人數逾5萬
中華人民共和國國務院發布公告稱，為表達全國抗疫鬥爭中犧牲烈士和逝世同胞的深切哀悼，決定2020年4月4日清明節舉行全國性哀悼活動。在此期間，全國和駐外使領館下半旗誌哀，停止公共娛樂活動。2020年4月4日10時起，全國人民默哀3分鐘，汽車、火車、艦船鳴笛，防空警報鳴響。全國大多數電視頻道都將台徽調成灰色並轉播央視綜合頻道的節目，部分網站也將主色調調成灰色。",全球確診人數逾100萬 死亡人數逾5萬
2020年04月04日 週六,"#349~#355
首度對各大景點發出國家級警報，強調墾丁附近景點人潮擁擠勿前往，其餘景點民眾應保持社交距離。
搭乘計程車（包含UBER）必須戴口罩，屢勸不聽者司機可拒載，以維護司機安全",,"全球確診人數逾110萬
美國確診人數突破30萬，川普在當天舉行的白宮記者發布會上警告說，在未來的兩周美國將迎來新冠病毒疫情最艱難的時刻，他亦預測死亡人數將會激增：「不幸的是」，在未來兩周，「將會有很多人死亡」，「如果不配合抗疫措施，死的人會更多」
西班牙首相桑切斯將封鎖措施延長至4月25日，英國新冠病毒死亡病例再創新高，有708人死亡，累計死亡4313例",
2020年04月05日 週日,#356~#363,"1.腹瀉&國外旅史
2.腹瀉&接觸來自流行地區有症狀人士
3.腹瀉&接觸極可能病例/確定病例
4.(發燒or呼吸道症狀or嗅/味覺異常)&細胞簡訊警示景點旅遊史",全球確診人數逾120萬,
2020年04月06日 週一,"#364~#373
第一起公托幼兒確診個案
因應清明連假各地湧現觀光人潮，未能保持社交距離，指揮中心呼籲民眾若在連假期間曾至人潮擁擠的地方活動，請自主健康管理14天，避免出入公共場所，外出時務必配戴口罩，儘可能在家上班，如有身體不適就醫時務必告知旅遊史",,全球確診人數逾130萬,
2020年04月07日 週二,#374~#376,,"日本首相安倍晉三在日本政府新型冠狀病毒感染對策本部會議上宣布：東京、神奈川、埼玉、千葉、大阪、兵庫、福岡7個都府縣進入緊急事態，時間將持續至5月6日。安倍稱，日本近期患者正在成倍增長，按現在的節奏，2周後患者將增至1萬人，1個月後將超過8萬人

新加坡關閉所有提供非必要服務的工作場所，公共運輸等基本服務照常營業，餐飲只限外帶",
2020年04月08日 週三,#377~#379,,"全球確診人數逾140萬
衣索比亞宣布進入緊急狀態
疫情首次爆發地武漢市解除長達77天離漢離鄂通道管控措施，恢復對外交通",
2020年04月09日 週四,"#380
口罩實名制兒童每14天10片，成人每14天9片
開放寄口罩到海外給二親等內的親屬，每2個月最多30片
全國酒店和舞廳暫停營業，夜店酒吧暫不納入
台師大累計二人確診，首次大專校院達停課標準，6日至17日已停實體課",,全球確診人數逾150萬,
2020年04月10日 週五,"#381 #382
著名觀光景點、國家公園、遊樂區及夜市、寺廟等人潮密集公共場域，實施人流管制等相關防疫措施",,"全球確診人數逾160萬

馬來西亞宣布目前的“行動管制令”將再次延長兩個星期，至4月28日",
2020年04月11日 週六,#383~#385,,"全球確診人數逾170萬，死亡人數逾10萬

美國總統川普11日批准懷俄明州，因為武漢肺炎進入「重大災難狀態」，以動用聯邦資金對抗武漢肺炎疫情。在這項決定後，美國歷史上首次「所有的州（50州）、首都華盛頓特區都處於重大災難狀態」",
2020年04月12日 週日,"#386~#388
投入40億蓋國家級防疫中心 預計2027年竣工

#396發病",,"全球確診人數逾180萬

沙烏地阿拉伯國王沙爾曼（King Salman）延長全國性宵禁，直到另行通知。沙國過去4天每天都傳出300多人確診。
沙烏地阿拉伯上週在首都利雅德（Riyadh）和其他大城實施24小時宵禁，封鎖大部分人口的活動，阻止疫情擴散。",
2020年04月13日 週一,"#389~#393
#398 #404 發病",,,
2020年04月14日 週二,"零確診，3月9日以來，睽違36天新增數暫歸零

海外欲返國者，過去14天如有歐洲、美洲地區旅遊史，返國前需先通報，如家中有慢性病、年長者、幼童、無檢疫專用獨立套房，一律入住防疫旅館

#412 #414 #415 #419發病
上午    艦艇架設梯口
0830　聯檢小組檢驗完畢
晚間    非輪值人員休假",,全球確診人數逾190萬,
2020年04月15日 週三,"#394 #395
試辦網購4~8歲小童立體口罩，一樣透過eMask口罩預購系統預訂。另外因成人購買兒童口罩比例過高，恢復兒童口罩購買年齡限制，16(含)歲以下之健保卡才能購買兒童口罩

#399 #403 發病
#396 就醫",,全球確診人數逾200萬,
2020年04月16日 週四,零確診,,"全球確診人數逾210萬

丹麥因應疫情停課一個多月後，自15日開始恢復上課，成為歐洲第一個復課的國家

奧地利是第一個公布回到「新常態」計畫的國家，14日允許小型非食品商鋪重新營業，但仍要維持社交距離規範，民眾前往商店、搭乘大眾運輸需要戴口罩。
但奧地利的學校仍停課，咖啡店、餐廳也停業，預計至少5月中旬才有望恢復經營。

芬蘭總理馬林說，在將近3週的封鎖以後，芬蘭今天也將解除首都地區週圍的交通限制，是首個鬆綁防疫限制的北歐國家。

瑞士總統索馬魯加宣布，27日起陸續放寬限制，醫院可恢復預約手術，髮型屋和按摩店亦可重開，至於小學、店鋪和市場等下月11日重開，而中學和大學等會在6月初復課，預料禁止5人以上聚集的措施亦會放寬。

日本首相安倍晉三今晚宣布，緊急事態宣言對象原本只針對東京、大阪等7都府縣，但今天起擴大到全境47都道府縣，時間到5月6日為止。

英國外相拉布今天宣布，政府評估認為若現在解除禁足令將危害大眾健康與經濟，因此禁足令將延長「至少」3週",
2020年04月17日 週五,"零確診

緊急情況須赴東南亞 指揮中心開放自費採檢
因應疫情，東南亞許多國家關閉邊境，除非是親屬事故等緊急因素才可申請入境，且要附上檢驗證明；指揮中心開放有緊急情況的民眾可自費採檢，7家採檢醫院可做檢驗，費用約4千元到1萬元

行政院通過國防部所提案的加強國軍防疫及戰備需求，官兵每人每日配發1片口罩持續撥補至疫情結束，18日開始循國軍補給系統配送

#396再就醫，通報採檢
#397就醫通報採檢
#411發病
2100 病患確診，通知國防部",,"全球確診人數逾220萬，死亡人數逾15萬

利比亞宣布17日起實施為期10天的24小時宵禁

中國疫情近日出現反彈，包括黑龍江、山東和四川省多個縣市陸續延後開學時間",
2020年04月18日 週六,"#396~#398

國軍首傳武漢肺炎病例。指揮中心18日宣布新增3例武漢肺炎境外移入，3人均在國軍敦睦艦隊實習、住同寢室，17日19時確診首例後已緊急召回全艦700多人採檢並居家檢疫。3人於2月21日起登艦實習，該艦共337人於3月12日至15日停靠帛琉，離開帛琉後於公海航行近30天，4月15日自台灣軍港下船。17日出現確診後全數召回集中檢疫

中央流行疫情指揮中心表示，鑒於東南亞地區COVID-19(武漢肺炎)疫情升溫，自台灣時間4月21日零時起，入境民眾過去14天(台灣時間4月7日零時起)如有東南亞地區旅遊史，登機前除了應填寫「入境健康聲明暨居家檢疫通知書」，也須確認住處是否符合居家檢疫條件，以確保國內防疫安全

過去14天如有歐洲、美洲地區旅遊史，返國前需先通報，如家中有慢性病、年長者、幼童、無檢疫專用獨立套房，一律入住防疫旅館

滯留阿拉伯聯合大公國的60位元民眾，搭乘阿聯酋航空包機返臺

敦睦艦隊成員入住集中檢疫所
#401 #402 #410 發病",,法國禁足令延長至5月11日，屆時學校、商家料將重啟，但餐廳、飯店、咖啡廳和電影院可能會再關閉一陣子。直到另行通知前，法國仍禁止非歐洲國家公民入境。,
2020年04月19日 週日,"#399~#420

19日新增22例武漢肺炎確診個案，其中21例是敦睦艦隊成員，另1例是境外移入。連同18日公布確診的3人，敦睦艦隊已有24人感染。軍方隨後宣布政戰學院停課兩週，海軍官校也從20日起停課

考量遞送口罩的郵差，以及協助配銷實名制口罩的藥師、藥劑生和衛生所人員的辛勞，每個星期日將不再配送口罩至參與實名制的健保特約藥局及衛生所

#418 發病
#405-409 #416 #420 無症狀，確診",,"全球確診人數逾230萬

韓國今天通報新增8起武漢肺炎確診病例，創下兩個月來最低紀錄。延長實施社交距離政策16天，至5月5日為止，但部分放寬教會與體育賽事面臨的限制",
2020年04月20日 週一,"#421 #422

華航湖北「類包機」晚間8時03分由上海浦東機場起飛，搭載231名旅客及14名機組員，已於晚間9時21分返抵桃園機場，此這次「類包機」也是疫情爆發後，接運滯留湖北臺人回台的第7次包機、也是第4班從上海飛回的類包機。

1922進線46992通(敦睦簡訊相關)",,"全球確診人數逾240萬
辛巴威總統姆南加瓦宣布延長實施禁足令14天",
2020年04月21日 週二,"#423~#425

新增3位確診者:#423 #424 #425

由中華航空公司擔綱的第二批第二架「類包機」，從上海浦東機場起飛，最終完成登機手續的共計229人，包括175名成人，53名兒童，一名嬰兒；其中，包括一名台中地檢署發布的通緝犯，由航警局刑警大隊進行人別訊問後，先送集中檢疫所檢疫。

過去14天如有東南亞地區旅遊史，返國前需先通報，如家中有慢性病、年長者、幼童、無檢疫專用獨立套房，一律入住防疫旅館
",,"全球確診人數逾250萬

土耳其突破9萬確診，擴大實施封城措施，總統艾爾段今晚宣布31個省自23日凌晨起封鎖4天
先前已連續兩個週末對31個省實施為期48小時宵禁，影響占人口78%的約6400萬人

香港當局今天宣布延長實施各種嚴格防疫措施，包括限制超過4人以上聚集的限聚令將自23日起再實施14天。",
2020年04月22日 週三,"#426

新增:#426

「口罩實名制3.0」將上路，4/22-4/24帶健保卡到四大超商用事務機預購，可以立即繳費付款，本次手機電腦網路訂購也可立即繳費，其他購買規定不變

口罩實名制3.0上路，新增超商預購功能，民眾可持全家人的健保卡到超商一次預購完畢",,"南韓初步判定二度確診者幾乎不具傳染性

喬治亞宣布將國家緊急狀態延長至5月22日",
2020年04月23日 週四,"#427

新增:#427

指揮中心今日宣布，原4月29日到期的「限縮兩岸航空客運直航航線」及4月30日到期的「全面禁止旅客來台轉機」二項政策，要繼續延長執行，何時解禁視疫情狀況決定

指揮中心今提出個案資料和活動史「公布原則」，規定公布資訊不得包含姓名、病歷及病史等；個案任職單位是否公開，也必須看該公司協調；可掌握人員名單的餐飲和旅宿、疑似個案及接觸者則不能公開。
一、 確診個案 
1. 有關個案資訊之公開：
公布之資訊不得包含姓名、病歷及病史等，且不能得以辨識個人資料。如公布某地區國中學生確診， 但該地區只有1間國中。
2. 有關個案任職單位之公開：
如確有防治需要，須事先與該公司 /機構進行溝通協調，以避免影響其運作及營運。
3. 有關個案活動史之公開：
（1）大眾運輸工具及公共場所，如有防治需要，原則上公開；公布前，須與該單位進行溝通協調，避免影響其運作及營運。
（2）可掌握人員名單之地點或場所，則以追蹤特定名單為原則，不予公開。如可掌握人員名單之「旅宿業、餐飲業」等，原則上不予公開。
二、 疑似個案及接觸者：以不公布為原則，以免造成不必要之恐慌。

為了準備日後兒童口罩其他尺寸的供應，口罩訂購週期簡化調整，五六輪預購過者，第七輪都能預購，兩週開放預購一次，預購起始日及取貨起始日都調整至週一（隔週）",,"全球確診人數逾260萬

西班牙政府表決將封城措施延長至5月9日，這將是西班牙第3度延長緊急狀態；但允許兒童短暫出外散步，為一個多月來首度放寬禁令

馬來西亞首相慕尤丁（Muhyiddin Yassin）23日晚宣布，將第3度展延行動管制令兩週，從原本的4月28日延長至5月12日",
2020年04月24日 週五,"#428

新增:#428

為加速推動並鏈結預防、診斷、治療、追蹤等醫護產品之研發，中央流行疫情指揮中心已建置「新型冠狀病毒篩檢及分析技術支援平台」，整合國內生物安全三級實驗室(Biosafety level-3 laboratory，簡稱BSL-3實驗室)之專業能量，提供病毒液測試、仿檢體測試、檢體測試、病毒融斑抑制實驗等服務","1. (發燒or呼吸道症狀or嗅/味覺異常)&敦睦艦隊警示景點旅遊史
2. (發燒or呼吸道症狀or嗅/味覺異常)&其他人群聚集場所旅遊史","全球確診人數逾270萬

牛津大學開始歐洲首起疫苗的第一波人體試驗，共招募約1110名志願者參與，有2人今天率先施打",
2020年04月25日 週六,"#429

新增:#429

居家隔離、檢疫者5天後無症狀者，奔喪探親可有條件外出，1次以1小時為限，並全程帶口罩，不得搭乘大眾運輸；指揮官陳時中說，符合條件者向衛生單位提出申請，並自費採檢，若為陰性在2天內可外出",,"全球確診人數逾280萬

德國首度批准一款疫苗進行臨床試驗，成為全球第4款進入臨床試驗階段的疫苗",
2020年04月26日 週日,零確診,,全球確診人數逾290萬，死亡人數逾20萬,
2020年04月27日 週一,"零確診

推出「護台灣、助世界」活動，民眾可選擇將自己的口罩配額捐給其他國家",,"全球確診人數逾300萬

英相強生抗疫成功復工

泰國從3月26日起實施緊急狀態至4月底，泰國總理今天主持會議決定延長緊急狀態一個月到5月底",
2020年04月28日 週二,"零確診
指揮中心成立一百日",,,
2020年04月29日 週三,"零確診

30名滯留印度、馬爾地夫等地的台灣人，29日晚間搭防疫計程車抵達位於新北市的集中檢疫所，在深夜完成相關檢疫措施後，進入檢疫所進行為期14天的集中檢疫。",,全球確診人數逾310萬,
2020年04月30日 週四,"零確診

因應即將到來的五一連假，指揮中心推出「COVID-19疫情期間民眾假期生活防疫指引」。

隨著國內疫情趨緩，為了讓民眾逐步回歸正常生活，將啟動「防疫新生活運動」，希望民眾在維持個人防疫措施的情況下，可以放心參與各項戶外活動。實施細節與啟動時間，將邀集相關部會進行討論後，於近期對外公布",,"全球確診人數逾320萬

泰國延長緊急狀態到5月底以遏止疫情擴大，不過由於近來疫情趨緩，餐廳、雜貨店、公園等6大類場所5月3日起可以開放，但必須嚴格維持社交距離與實施消毒措施

俄羅斯總理米舒斯京已感染武漢肺炎，將自我隔離以保護其他內閣成員，並由第一副總理貝洛索夫暫代職務

美國總統川普29日表示，聯邦政府保持社交距離準則30日到期後不會延長，將由各州自行決定",
2020年05月01日 週五,"零確診

5月1日起「長照機構開放探視」：
1.預約制，事前聯絡登錄。
2.有不適症狀避免進入機構。
3.每位住民每天限1組訪客探視1次。(1組訪客含兒童不可多於3人) 
4.安排公共空間會面，若住民無法行動可入房探視(限1組人員進入住房)。
5.探視時須全程戴口罩，配合機構防疫措施",,"全球確診人數逾330萬

美國50州約半數自1日起放寬防疫封鎖令，包括德州及喬治亞州等，民眾開始走出戶外。加州及紐約州則堅定維持商店關閉及其他防疫限制措施。
即使德州近來出現單日通報新增死亡人數最多情形，德州仍自1日起開始放寬限制，商店、餐廳、電影院、購物中心、博物館及圖書館獲准開放，但容客量限制在25%",
2020年05月02日 週六,#430~#432,,"全球確診人數逾340萬

印度開始在部分病毒感染率較低的地區鬆綁封城措施，但下令公私營員工一律使用政府支援的接觸史追蹤軟體App，並維持社交距離規範

西班牙政府開始放寬防疫禁令，允許成年人外出運動，2日早上各地可見民眾在外慢跑、騎自行車和衝浪",
2020年05月03日 週日,"零確診 20:00臨時記者會 +4敦睦 #433~#436

新增:#433~#436
敦睦713人今日零時隔離期滿，再次採檢4人陽性，均為磐石艦成員，無症狀，餘709人陰性，其中岳飛及康定艦隊成員共367人，將於明(4)日上午5時30分解除隔離，自主健康管理7天
磐石艦成員明日上午(間隔24小時後)再度採檢

敦睦遠訓支隊專案共713人已於清晨隔離期滿，檢驗陰性即可解除隔離返家，返家後需落實自主健康管理",,泰國新增確診病例連續6天維持在個位數，促使政府從3日起，允許一些公司行號重新營運，部分公園也將重新開放,
2020年05月04日 週一,"#437 #438

新增:#438
上午採檢磐石艦成員345人，1人昨日現弱陽性，今日再次採檢後確診，個案無症狀，住院隔離；其餘344人陰性，晚間7時解隔離，自主健康管理7天
至今總計達36例確診

自5月4日起，自海外入境民眾，登機前除了應填寫「入境健康聲明暨居家檢疫通知書」，也須確認住處是否符合居家檢疫條件，返國民眾若同住者有65歲(含)以上長者、6歲(含)以下幼童、慢性疾病患者(如心血管疾病、糖尿病或肺部疾病等)，或無個人專用房間(含衛浴設備)者，入境後應入住防疫旅館",,"全球死亡人數逾25萬

義大利當局4日起允許民眾探望親友、公園與工廠重開，但學校要到9月才復課

西班牙4日起分4階段放寬封城令等限制措施，首階段允許美髮店與其它要預約服務店舖重開，餐廳也可做外賣",
2020年05月05日 週二,"零確診

1架華航專機前往印度德里接載旅居印度、孟加拉的114位國人，以及在台灣工作的15位外籍人士，總共129名乘客（含1嬰兒)，於4日晚間7時10分自印度德里國際機場起飛，在5/5凌晨2時50分搭乘華航專機返抵桃園國際機場，將於檢疫所進行14天的集中隔離檢疫",,,
2020年05月06日 週三,#439,,"日本政府將目前全境實施的「緊急事態宣言」從5月6日延長到5月31日止

韓6日起正式轉入生活防疫期，人們可以在遵守五大生活防疫守則的前提下進行聚會等活動。具體守則包括，身體不適時居家休息三四天、與他人保持兩臂遠的距離、經常通風換氣和定期消毒、經常認真洗手和咳嗽時用衣袖遮擋口鼻、“身遠心不遠”等",
2020年05月07日 週四,"#440

5月7日起開放「全容量」入住山屋，也就是取消限制

玉山國家公園、太魯閣國家公園、雪霸國家公園回復原山屋申請數量，新申請者與候補者依放寬後之住宿量申請辦理",,塞爾維亞國會決定結束國家緊急狀態，宵禁也同時停止實施,
2020年05月08日 週五,"零確診

5月8日起從武漢可直接返台，回國後需集中檢疫14天

職棒從8日起開放開放球迷進場，目前初步開放1000名觀眾",,,
2020年05月09日 週六,"零確診

因應疫情發展、兼顧病患家屬的需求，即日起開放加護病房跟安寧病房，每天有固定時段、每一床最多2人，可入院探視",,全球確診人數逾400萬,
2020年05月10日 週日,"零確診，#197死亡

台灣超過28天（2個14日潛伏期）沒有本土個案，以公衛立場來看屬於相當安全的社區",,武漢衛健委通報了6個新增個案，所有個案皆出自武漢市東西湖區長青街三民小區，這也導致該小區重新封閉。,
2020年05月11日 週一,零確診,,"荷蘭首相呂特（Mark Rutte）宣布11日起在4個月內分階段解封，包括學童分批到校上課；髮廊、美容院可為事先預約的客人服務；不會有肢體接觸的戶外運動，公共運輸則從6月1日起按照正常行程表運作，但只開放40％座位以維持社交距離，且強制規定乘客配戴口罩，高中也將於6月1日復課

武漢市發布了《關於開展全市新冠病毒核酸篩查的緊急通知》，要求全市所有小區開展長達十天的全民檢測",
2020年05月12日 週二,零確診,,武漢市各小區陸續開始各自小區內部長達十天的全民檢測。,
2020年05月13日 週三,零確診,,"法國今起逐步解除實施近2個月的全國性封鎖禁令

中國東北吉林省疫情加劇，12日全中國新增確診7例，其中本土6例集中在吉林省。吉林市疫情防控指揮小組宣布，鄉鎮、社區全面實行封閉管理，前往外地人員需持有48小時內自費核酸檢測陰性報告和自我隔離後才能登記出城；另吉林火車站自即日起，暫停始發或乘車服務，防疫人員在站外拉起封鎖線",
2020年05月14日 週四,零確診,,"日本「緊急事態宣言」公布近一個月，已有39縣趨緩，首相安倍晉三今天宣布這39縣先行解禁，剩下東京都等8地區仍維持緊急事態

智利今天通報新冠肺炎確診病例新增2660例，創下單日新高，首都將實施全面隔離",
2020年05月15日 週五,"零確診

交通部召開第七次防疫會議，研商第三階段的交通觀光防疫措施鬆綁推動方案（草案），其中有關兩岸客運航點、海運直航及小三通客船航班等，規劃於10月1日全面恢復

陳時中於16日針對此議題指出，交通部的規畫是超前準備，先做構想並提出時間表，實際上要如何做還是要看疫情的發展而定。中華職棒例行賽每場開放進場觀眾增加至2千名，也能於場內食用官方準備之餐盒",,"全球死亡人數逾30萬

斯洛維尼亞過去兩週來，每天新增確診病例低於7例，政府今天晚上因此宣布境內疫情正式結束，成為第一個宣布疫情告終的歐洲國家

波羅的海國家立陶宛、拉脫維亞和愛沙尼亞15日凌晨起互相開放邊界，成為歐盟區域內首個「安全旅行圈」（travel bubble）。這3個共和國目前確診病例增幅趨緩，3國13日新增病例都不超過7例，3國整體通報病故案例迄今不到150例",
2020年05月16日 週六,"零確診

鑑於商務人士居家檢疫十四天可能影響商務作業，研擬改為商務人士來台居家檢疫第五天後即可採檢，若採檢結果為陰性可短暫外出2至3天。
經濟部官員表示，口罩本週單日最高產量達2000萬片，平均日產能達1800萬到1900萬片",,紐約州州長古莫（Andrew Cuomo）今天指出，紐約市防疫封鎖措施延長至5月28日,
2020年05月17日 週日,零確診,,,
2020年05月18日 週一,零確診,,"印度宣布第3度延長全國封鎖期限至本月底

尼泊爾宣布延長全國封鎖至6月2日；累計295例、2死

於台北時間18:00舉行WHA視訊會議",
2020年05月19日 週二,"零確診
考量目前國際疫情仍嚴峻，交通部觀光局暫停旅行業組團赴國外旅遊以及接待來台觀光團體入境之禁令延至6月30日",,,
2020年05月20日 週三,"零確診

新任內閣改組，陳時中正式續任衛福部長一職，並繼續擔任防疫總指揮官",,韓教育部宣布高三不再推遲返校20日正式上課,
2020年05月21日 週四,#441,,全球確診人數逾500萬，死亡人數逾32萬,
2020年05月22日 週五,零確診,,,
2020年05月23日 週六,"零確診

滯留尼泊爾10人搭機返台

中央流行疫情指揮中心今天宣布放寬新冠肺炎（武漢肺炎）自費採檢條件，凡是出國工作、求學者及其眷屬都可自費採檢，且入境國家不再僅限東南亞",,世衛指出南美洲已成為此種致命流行病的新中心,
2020年05月24日 週日,"零確診
指揮中心記者會移師墾丁",,,
2020年05月25日 週一,"零確診
台灣居家隔離人數於今日歸零
指揮中心宣布，台灣社區相對安全，放寬精神科病房探視，每名病人1天可探視一次，同一時間同一探視空間原則限一組訪客，每組訪客人數最多2人，且全程戴口罩",,日本全國解除緊急事態宣言,
2020年05月26日 週二,"零確診
中央流行疫情指揮中心表示，如臺灣至6月7日仍可維持本土個案零確診或無社區感染，將擴大鬆綁生活防疫規範。民眾只要配合實名制，及落實個人防護措施，從事各項日常及休閒活動將不再受限於人數限制規範",,,
2020年05月27日 週三,"零確診

經濟部長沈榮津表示，目前台灣醫療口罩每日產能約2,000萬個，政府口罩庫存量超過2~3億片，因此6月1日起國產口罩將部分開放內外銷。口罩開放銷售後，以健保卡購買的14天9片實名制機制仍不變，其餘將恢復自由買賣和市場機制。
沈榮津表示，廠商、通路商考慮到實名制5元，定價時每片一定會低於5元，由民眾自己選擇。
但口罩業者表示：「口罩成本原料漲價已較疫情前高，若再加上運輸、包裝成本，售價恐怕會高於5元」、「希望如實反映價格，回歸市場機制後，口罩需要包裝、物流成本，且通路商也要賺錢，成本結構與往日大不相同，若政府訂定1片不得超過5元是不合理的」。針對業者回饋反彈，經濟部官員解釋，實名制每片5元是作為業者自由販售定價的參考原則，並非強制定價，後續價格仍是回歸市場機制",,全球死亡人數逾35萬,
2020年05月28日 週四,"零確診

醫院探病再度鬆綁，住院7天以上的病人，開放每天一時段、每床能有2名訪客探視

中央疫情指揮中心公布實聯制措施指引包括明確告知、僅存28天、禁止目的外利用、配合疫調、安全維護及資安防護等措施，讓需要實聯制的場所可以有基本的指引可以遵循",,土耳其逐步放寬防疫措施，停駛達兩個月的高速鐵路28日恢復營運,
2020年05月29日 週五,"#442

自費採檢對象放寬，增加其他因素需檢驗之民眾可自費採檢，並從原來的18家增至37家，金額以醫院公告為準
",,,
2020年05月30日 週六,"零確診

鑒於瑞德西韋療效及安全性已有初步證據支援，且國際間亦陸續核准該藥品使用，基於國內公共衛生需求、醫療利益與風險平衡，食藥署有條件核准該藥品專案輸入使用於重度新型冠狀病毒感染的病人",,全球確診人數逾600萬,
2020年05月31日 週日,零確診,,法國政府批准餐廳與咖啡廳等商店31日復業，但只能在街道或戶外陽台區擺設桌椅招待顧客，另聖母院也重新開放前庭,
2020年06月01日 週一,"#443

台灣口罩今起開放自由買賣及解除出口限制，民眾可直赴郵局或快遞公司交寄

解禁後政府仍會每日定量徵收800萬片以供實名制購買、庫存量、戰備量等使用，剩下產量由廠商自由銷售，廠商可外銷也可在國內販售[210]。台鐵、高鐵飲食有條件解禁，只要旅客維持社交距離，便可在列車上飲食，但吃完仍須戴口罩",,"首相強生宣布小學1日起局部復課，戶外市場若能遵守防疫安全準則就可復業，若政府能達成檢驗標準，所有非民生必須商店包括百貨公司及小型獨立商店等皆可復業

土耳其逐步放寬防疫措施，6月1日解除多項防疫措施，包括城際交通禁令全面解除，餐飲業、體育場所、文化場所、休閒場所及體育設施將復業或重新開放，並且可以舉辦音樂會

新加坡近來疫情趨穩，防疫「阻斷措施」今天結束後，明起將分3階段恢復經濟活動

西班牙總理桑切斯表示將向國會尋求再度延長居家令14天與15天的國家緊急狀態至6月21日，之後解除外國人士入境後須自主隔離命令，並按原計畫於7月1日開放邊境",
2020年06月02日 週二,"零確診
宣布禁令解除後，攜帶、郵寄或快遞醫療口罩至海外不再設限且不需申請輸出許可，但是一旦口罩庫存量低於1億片，將提高徵用量從800萬片提升至1200萬片",,,
2020年06月03日 週三,零確診,,,
2020年06月04日 週四,零確診,,,
2020年06月05日 週五,零確診,,,
2020年06月06日 週六,"零確診
陳時中宣布，7日各項措施解禁後，指揮中心例行記者會改為每周三召開",,,
2020年06月07日 週日,"零確診

疫情指揮中心至今已成立140天，開了164場記者會。因應疫情趨緩，未來記者會改為一週一次，訂於每週三下午2時舉行。
衛生福利部整合中央及地方政府各項防疫政策的決策過程，並將此「臺灣模式」以網站「COVID-19臺灣防疫關鍵決策網」呈現，向民眾及各國說明臺灣防疫成功因素、衛生醫療體系基礎、重大政策等。
交通部對多項管制措施進行鬆綁，台鐵連續假期可賣站票但有數量限制；高鐵可賣自由座；車廂、班機內恢復販售飲食與商品；觀光景區和遊樂區取消人數及車輛限制。
車站、捷運進站仍須量體溫，但保持社交距離下可脫口罩。電影院無需梅花座、人數不受限制，保持安全距離，可以不戴口罩。
中華職棒座位採間隔梅花座但人數不受限制，保持安全距離，可以不戴口罩，現場可以飲食、販賣食物",,,
2020年06月08日 週一,零確診,,"全球確診人數逾700萬 死亡人數逾40萬 
美國確診人數逾200萬",
2020年06月09日 週二,零確診,,,
2020年06月10日 週三,零確診,,,
2020年06月11日 週四,零確診,,,
2020年06月12日 週五,零確診,,,
2020年06月13日 週六,零確診,,,
2020年06月14日 週日,零確診,,,
2020年06月15日 週一,#444 #445,,,
2020年06月16日 週二,零確診,,,
2020年06月17日 週三,零確診,,,
2020年06月18日 週四,,,,